{
    "parent": "item/generated",
    "textures": {
        "layer0": "item/music_disc_11"
    },
    "overrides": [
        {
            "predicate": {
                "custom_model_data": 1
            },
            "model": "bluey_music:item/music_disc_blueyblueythemetuneinstrumentparade"
        },
        {
            "predicate": {
                "custom_model_data": 2
            },
            "model": "bluey_music:item/music_disc_blueykeepyuppy"
        },
        {
            "predicate": {
                "custom_model_data": 3
            },
            "model": "bluey_music:item/music_disc_blueyherecomethegrannies"
        },
        {
            "predicate": {
                "custom_model_data": 4
            },
            "model": "bluey_music:item/music_disc_blueyamessagefromthefairiesjohnryanspolka"
        },
        {
            "predicate": {
                "custom_model_data": 5
            },
            "model": "bluey_music:item/music_disc_blueytaxi"
        },
        {
            "predicate": {
                "custom_model_data": 6
            },
            "model": "bluey_music:item/music_disc_blueytheclawpachelbelscanon"
        },
        {
            "predicate": {
                "custom_model_data": 7
            },
            "model": "bluey_music:item/music_disc_blueypool"
        },
        {
            "predicate": {
                "custom_model_data": 8
            },
            "model": "bluey_music:item/music_disc_blueywholikestodance"
        },
        {
            "predicate": {
                "custom_model_data": 9
            },
            "model": "bluey_music:item/music_disc_blueyblueythemetuneextended"
        },
        {
            "predicate": {
                "custom_model_data": 10
            },
            "model": "bluey_music:item/music_disc_blueytheweekend"
        },
        {
            "predicate": {
                "custom_model_data": 11
            },
            "model": "bluey_music:item/music_disc_blueywagonride"
        },
        {
            "predicate": {
                "custom_model_data": 12
            },
            "model": "bluey_music:item/music_disc_blueycamping"
        },
        {
            "predicate": {
                "custom_model_data": 13
            },
            "model": "bluey_music:item/music_disc_blueyfruitbat"
        },
        {
            "predicate": {
                "custom_model_data": 14
            },
            "model": "bluey_music:item/music_disc_blueythecreekintro"
        },
        {
            "predicate": {
                "custom_model_data": 15
            },
            "model": "bluey_music:item/music_disc_blueycreekisbeautiful"
        },
        {
            "predicate": {
                "custom_model_data": 16
            },
            "model": "bluey_music:item/music_disc_blueyiknowaplacethecreeksong"
        },
        {
            "predicate": {
                "custom_model_data": 17
            },
            "model": "bluey_music:item/music_disc_blueyblueythemetune"
        }
    ]
}