{
    "music_disc.blueyblueythemetuneinstrumentparade": {
        "sounds": [
            {
                "name": "bluey_music:records/blueyblueythemetuneinstrumentparade",
                "stream": true
            }
        ]
    },
    "music_disc.blueykeepyuppy": {
        "sounds": [
            {
                "name": "bluey_music:records/blueykeepyuppy",
                "stream": true
            }
        ]
    },
    "music_disc.blueyherecomethegrannies": {
        "sounds": [
            {
                "name": "bluey_music:records/blueyherecomethegrannies",
                "stream": true
            }
        ]
    },
    "music_disc.blueyamessagefromthefairiesjohnryanspolka": {
        "sounds": [
            {
                "name": "bluey_music:records/blueyamessagefromthefairiesjohnryanspolka",
                "stream": true
            }
        ]
    },
    "music_disc.blueytaxi": {
        "sounds": [
            {
                "name": "bluey_music:records/blueytaxi",
                "stream": true
            }
        ]
    },
    "music_disc.blueytheclawpachelbelscanon": {
        "sounds": [
            {
                "name": "bluey_music:records/blueytheclawpachelbelscanon",
                "stream": true
            }
        ]
    },
    "music_disc.blueypool": {
        "sounds": [
            {
                "name": "bluey_music:records/blueypool",
                "stream": true
            }
        ]
    },
    "music_disc.blueywholikestodance": {
        "sounds": [
            {
                "name": "bluey_music:records/blueywholikestodance",
                "stream": true
            }
        ]
    },
    "music_disc.blueyblueythemetuneextended": {
        "sounds": [
            {
                "name": "bluey_music:records/blueyblueythemetuneextended",
                "stream": true
            }
        ]
    },
    "music_disc.blueytheweekend": {
        "sounds": [
            {
                "name": "bluey_music:records/blueytheweekend",
                "stream": true
            }
        ]
    },
    "music_disc.blueywagonride": {
        "sounds": [
            {
                "name": "bluey_music:records/blueywagonride",
                "stream": true
            }
        ]
    },
    "music_disc.blueycamping": {
        "sounds": [
            {
                "name": "bluey_music:records/blueycamping",
                "stream": true
            }
        ]
    },
    "music_disc.blueyfruitbat": {
        "sounds": [
            {
                "name": "bluey_music:records/blueyfruitbat",
                "stream": true
            }
        ]
    },
    "music_disc.blueythecreekintro": {
        "sounds": [
            {
                "name": "bluey_music:records/blueythecreekintro",
                "stream": true
            }
        ]
    },
    "music_disc.blueycreekisbeautiful": {
        "sounds": [
            {
                "name": "bluey_music:records/blueycreekisbeautiful",
                "stream": true
            }
        ]
    },
    "music_disc.blueyiknowaplacethecreeksong": {
        "sounds": [
            {
                "name": "bluey_music:records/blueyiknowaplacethecreeksong",
                "stream": true
            }
        ]
    },
    "music_disc.blueyblueythemetune": {
        "sounds": [
            {
                "name": "bluey_music:records/blueyblueythemetune",
                "stream": true
            }
        ]
    }
}